{
    "task_enabled": "1",
    "task_reward": "50",
    "ref_comission": "10",
    "invalid_limit": "5000",
    "view_target": "11",
    "task_limit": "5000",
    "task_timer": "0",
    "impression_time": "0",
    "click_time": "6",
    "button_timer": "0",
    "submit": "",
    "req_vpn": "1",
    "vpn_task_only": "0",
    "cn_list": "0",
    "i_key": "0",
    "m_mode": "0",
    "payment_nav": "1",
    "task_did": "0",
    "min_recharge": "2000",
    "min_bkash": "6000",
    "withdraw_status": "0",
    "default_ref": "1234",
    "reg_status": "1",
    "tg_channel": "https:\/\/t.me\/supperpoint",
    "support_group": "https:\/\/t.me\/supperpoint",
    "app_version": "1",
    "app_url": "https:\/\/t.me\/osappdeveloperbd",
    "ban_ad": "ca-app-pub-7714196106291496\/6588954925",
    "task_ban1": "ca-app-pub-7714196106291496\/6300841001",
    "task_ban2": "ca-app-pub-7714196106291496\/7728445073",
    "int_ad": "ca-app-pub-7714196106291496\/3367555900",
    "wallet_notice": "2000=10 Tk(Recharge)\r\n5000=25 Tk (Bkash)\r\n5000=25 Tk (Nagad)\r\n\u09b8\u09a0\u09bf\u0995 \u09a8\u09bf\u09df\u09ae\u09c7 \u0995\u09be\u099c \u0995\u09b0\u09c1\u09a8 \u09e7\u09e6\u09e6% \u09aa\u09c7\u09ae\u09c7\u09a8\u09cd\u099f \u09a8\u09bf\u09b6\u09cd\u099a\u09bf\u09a4\u0964\r\n \u09aa\u09c7\u09ae\u09c7\u09a8\u09cd\u099f \u09b8\u09bf\u09a1\u09bf\u0993\u09b2\u0983\r\n\u09a6\u09c1\u09aa\u09c1\u09b0  \u09e9  \u099f\u09be \u09a5\u09c7\u0995\u09c7 \u09ef \u099f\u09be\u09b0 \u0986\u0997\u09c7 \u09aa\u09cd\u09b0\u09a4\u09bf \u09a6\u09bf\u09a8 \u09aa\u09c7\u09ae\u09c7\u09a8\u09cd\u099f \u0995\u09b0\u09be \u09b9\u09ac\u09c7... \u0986\u09b0  Admin free \u09a5\u09be\u0995\u09b2\u09c7 \u09af\u09c7 \u0995\u09cb\u09a8 \u09b8\u09ae\u09df \u09aa\u09c7\u09ae\u09c7\u09a8\u09cd\u099f \u09aa\u09be\u09ac\u09c7\u09a8... \r\n",
    "home_notice": "\u09aa\u09c7\u09ae\u09c7\u09a8\u09cd\u099f \u09a8\u09bf\u09df\u09c7 \u0995\u09c7\u0993 \u099f\u09c7\u09a8\u09b6\u09a8 \u0995\u09b0\u09ac\u09c7\u09a8 \u09a8\u09be,, \u09e7\u09e6\u09e6% \u09aa\u09c7\u09ae\u09c7\u09a8\u09cd\u099f \u09aa\u09be\u09ac\u09c7\u09a8\u0964",
    "int1": "",
    "ban1": "",
    "int2": "",
    "ban2": "",
    "int3": "",
    "ban3": "",
    "int4": "",
    "ban4": "",
    "htw_link": "https:\/\/t.me\/supperpoint",
    "task1_url": "https:\/\/play.google.com\/store\/apps\/details?id=com.mcashpro.mcashpro",
    "task2_url": "https:\/\/play.google.com\/store\/apps\/details?id=com.mcashpro.mcashpro",
    "task3_url": "https:\/\/play.google.com\/store\/apps\/details?id=com.mcashpro.mcashpro",
    "task4_url": "https:\/\/play.google.com\/store\/apps\/details?id=com.mcashpro.mcashpro",
    "multi_task": "0",
    "admob": "0",
    "auto_back": "1",
    "im_ttimer": "1",
    "click_ttimer": "1",
    "refer_points": "30",
    "daily_rewards": "10",
    "important_notice": "\u09b8\u09ac\u09be\u0987 \u09b8\u09a0\u09bf\u0995 \u09a8\u09bf\u09df\u09ae\u09c7 \u0995\u09be\u099c \u0995\u09b0\u09c1\u09a8\u0964\u0995\u09c7\u0993 \u09ad\u09c1\u09b2 \u0995\u09cd\u09b2\u09bf\u0995 \u0995\u09b0\u09ac\u09c7\u09a8 \u09a8\u09be\u0964 10 view 50 Point \u09aa\u09cd\u09b0\u09a4\u09bf \u09ad\u09c1\u09b2 \u0995\u09cd\u09b2\u09bf\u0995\u09c7 \u09aa\u09df\u09c7\u09a8\u09cd\u099f  \u0995\u09be\u099f\u09be \u09b9\u09ac\u09c7\u0964 \u09eb \u099f\u09be \u09ad\u09c1\u09b2 \u0995\u09cd\u09b2\u09bf\u0995\u09c7 \u098f\u0995\u09be\u0989\u09a8\u09cd\u099f \u09ac\u09cd\u09b2\u0995 \u09b9\u09ac\u09c7\u0964\u09a4\u09be\u0987 \u09b8\u09be\u09ac\u09a7\u09be\u09a8\u09c7 \u0995\u09be\u099c \u0995\u09b0\u09c1\u09a8\u0964\r\n\u09a7\u09a8\u09cd\u09af\u09ac\u09be\u09a6",
    "dev_off": "0",
    "htw_show": "1",
    "signup_bonus": "50",
    "startapp_ads_code": "201900848",
    "spin_waiting_time": "4",
    "spin_enabled": "1",
    "spin_view": "1",
    "spin_click": "2",
    "spin": "0",
    "task": "1",
    "spin_task": "0",
    "spin_break": "3",
    "spin_reward": "100",
    "primary_color": "#009696",
    "gradient_color_end": "#9e2828",
    "statistics_point_rate": "100",
    "onetimepay": "1",
    "fixedwithdraw": "1",
    "click_fine": "0",
    "reg_login": "0",
    "app_theme": "Modern_Pro",
    "click_toast": "Click this ads \u2714",
    "success_toast": "Your Task Is Compleate\u2714",
    "view_toast": "View Success\u2714",
    "developer_url": "https:\/\/t.me\/osappdeveloperbd"
}